,FRM,vol_CRIX
FRM,1,0.788028343493994
vol_CRIX,0.788028343493994,1
