Coin,Risk
DOGE,0.087823
BNB,0.081956
ALGO,0.06295
XRP,0.060094
DOT,0.058628
UNI,0.054472
ATOM,0.049901
LTC,0.048354
ETH,0.043378
ADA,0.027293
