Coin,Risk
BTC,0.083636
LINK,0.070883
ADA,0.064629
XMR,0.039436
ETH,0.032376
BCH,0.032226
DOGE,0.028355
XRP,0.023737
XLM,0.022332
THETA,0.020706
