,lagDay,Roos_MKVola_L_10,Roos_MKVola_L_25,Roos_MKVola_L_63,Roos_MKVola_L_110
1,0,0.785538784170278,0.555566602682902,0.681196726225016,0.581239257315311
2,1,0.757132846627018,0.54028742788229,0.689835226054303,0.582091162974371
