,lagDay,R2_MKVola_L_10,R2_MKVola_L_25,R2_MKVola_L_63,R2_MKVola_L_110
1,0,0.888299938311038,0.720098405821409,0.74342320924663,0.714285796264801
2,1,0.875836284087412,0.712026084660296,0.743384093193874,0.715607326428845
