,Risk,R_oos_xgboost,MAE_xgboost,RMSE_xgboost
1,0,0.929441709166993,0.00226057300699454,0.00397403664114796
